Timestamp,SGS5T5NW-CAL (uStrain),SGS5T5NE-CAL (uStrain),SGS5T5M-CAL (uStrain),SGS5T5SW-CAL (uStrain),SGS5T5SE-CAL (uStrain),SGX10Z10NW-CAL (uStrain),SGX10Z10NE-CAL (uStrain),SGX10Z10M-CAL (uStrain),SGX10Z10SW-CAL (uStrain),SGX10Z10SE-CAL (uStrain),SGX11Z11NW-CAL (uStrain),SGX11Z11NE-CAL (uStrain),SGX11Z11M-CAL (uStrain),SGX11Z11SW-CAL (uStrain),SGX11Z11SE-CAL (uStrain),SGZ2ZC2NW-CAL (uStrain),SGZ2ZC2NE-CAL (uStrain),SGZ2ZC2M-CAL (uStrain),SGZ2ZC2SW-CAL (uStrain),SGZ2ZC2SE-CAL (uStrain),SGX4Z4NW-CAL (uStrain),SGX4Z4NE-CAL (uStrain),SGX4Z4M-CAL (uStrain),SGX4Z4SW-CAL (uStrain),SGX4Z4SE-CAL (uStrain),SGV13X13NW-CAL (uStrain),SGV13X13NE-CAL (uStrain),SGV13X13M-CAL (uStrain),SGV13X13SW-CAL (uStrain),SGV13X13SE-CAL (uStrain),SGS15T15NW-CAL (uStrain),SGS15T15NE-CAL (uStrain),SGS15T15M-CAL (uStrain),SGS15T15SW-CAL (uStrain),SGS15T15SE-CAL (uStrain),SGS4T4NW-CAL (uStrain),SGS4T4NE-CAL (uStrain),SGS4T4M-CAL (uStrain),SGS4T4SW-CAL (uStrain),SGS4T4SE-CAL (uStrain),SGV21X21NW-CAL (uStrain),SGV21X21NE-CAL (uStrain),SGV21X21M-CAL (uStrain),SGV21X21SW-CAL (uStrain),SGV21X21SE-CAL (uStrain),SGV22X22NW-CAL (uStrain),SGV22X22NE-CAL (uStrain),SGV22X22M-CAL (uStrain),SGV22X22SW-CAL (uStrain),SGV22X22SE-CAL (uStrain)
2024/02/23 19:00:00,-4.643133,-0.387175,50.528372,3.273587,-1.284413,-0.976697,-0.822468,-0.286741,0.77694,-1.321921,3.069512,-0.812968,1.530438,-1.164732,-1.734512,2.581657,-33.266902,-1.157822,0.620368,10.562288,0.632212,1.110443,0.276377,1.691575,13.943712,-1.012477,-2.561669,0.414565,-2.632244,-3.626954,-1.744136,2.220393,0.101174,-2.900478,7.865146,2.704053,0.626537,-0.74264,-7.109058,-2.942428,0.966086,-0.695878,-3.470505,-0.251454,0.369161,11.284324,-2.38005,2.979368,-4.173445,3.432012
2024/02/23 20:00:00,-5.316802,-0.447632,11.76132,3.54182,-1.477877,-0.541896,-0.954734,-0.547325,0.765342,-1.730564,1.991395,-1.114145,0.431839,-1.435186,-1.110937,3.43201,-36.749008,1.124262,-0.934746,9.877516,0.584833,1.096008,0.199633,1.826802,27.058786,-1.038141,-2.617685,0.415799,-2.580917,-4.069157,-1.321181,2.452599,-1.733278,-3.453972,8.216293,2.564137,-1.458876,-0.783109,-6.84872,-2.992028,0.936597,-1.541295,-3.99118,-0.361017,0.414319,10.872474,-2.077516,2.853937,-4.011326,2.440707
2024/02/23 21:00:00,-3.995128,-0.60951,11.548856,3.251871,-1.54401,-0.671942,-1.106001,-0.55991,0.531902,-1.990655,1.162017,-0.621972,1.120561,-1.330064,-0.968553,4.552571,-38.996296,-0.746958,-3.032004,9.330192,0.69341,1.655177,0.238375,1.882571,12.834256,-1.276516,-2.817071,0.164346,-2.913309,-4.000557,-1.453447,2.701585,-1.765111,-3.625474,8.068481,2.874321,0.545104,-0.869477,-7.833807,-3.12306,0.853807,-1.51267,-4.343067,-0.15028,-0.08316,11.01461,-1.767085,3.726999,-4.304827,3.406727
2024/02/23 22:00:00,-4.424006,-0.471321,10.532678,3.800677,-1.889481,-1.098352,-1.067753,-1.300452,0.420364,-1.926496,0.64381,-0.758309,-1.120561,-1.564491,-2.282825,4.808466,-40.079596,-0.872808,-3.622512,9.230004,0.523636,2.120947,-0.085381,1.647651,33.335502,-0.395565,-2.64853,0.134487,-2.743782,-3.952191,-1.64469,3.180556,-1.703667,-4.269037,7.755582,2.611516,0.662318,-0.437515,-6.876111,-3.714309,0.928207,-1.337961,-3.940346,-0.292663,1.106248,11.123186,-2.666791,3.272372,-4.631791,3.03787
2024/02/23 23:00:00,-5.513721,-0.405682,9.094776,3.281483,-1.303167,-1.260723,-1.544997,-0.444177,0.430605,-2.188313,0.480452,-1.176576,-1.625689,-1.631858,-0.619874,3.890253,-43.618452,-1.398665,-2.110582,11.6562,0.546585,0.919941,-0.144851,2.226809,14.942616,-1.027037,-2.849151,-0.118447,-3.050017,-4.252751,-1.421861,3.410294,-2.157468,-4.624872,8.137821,3.486051,0.481932,-0.416169,-6.8655,-4.281129,1.131542,-1.304894,-4.210801,-0.050093,0.191737,11.527142,-2.011876,3.218332,-4.342257,3.545297
2024/02/24 0:00:00,-5.958885,-0.44171,4.874846,3.443361,-1.824335,-1.467759,-1.734019,-1.517359,0.423202,-1.605701,0.841716,-1.386697,-3.532443,-1.394717,-1.524022,5.751849,-46.645772,-2.3877,-0.006416,13.11088,0.835053,1.015809,-0.514012,2.632984,18.747242,-1.108963,-3.356993,-0.244791,-3.100604,-4.249789,-2.145376,3.56625,-2.20386,-5.158626,8.51932,2.994989,0.210491,-0.515369,-7.379759,-3.359214,0.875153,-2.04667,-5.235369,-0.355589,-0.049106,10.133164,-2.998197,3.03316,-4.682608,1.736209
2024/02/24 1:00:00,-5.106558,-0.875523,5.738277,3.64176,-1.775475,-1.165472,-1.930691,-1.986213,-0.080692,-1.652586,1.668873,-1.381021,-5.865608,-1.661717,-1.064298,5.204277,-48.090332,-1.091689,-0.122149,14.3299,0.805441,1.250112,-0.435294,2.70726,13.69744,-1.642222,-2.836566,-0.598035,-3.320225,-4.631289,-1.837413,4.040779,-2.459015,-5.249929,8.255035,3.134411,0.619627,-0.457256,-6.758158,-4.746774,0.829871,-1.838894,-5.468809,-0.118447,0.279832,11.56539,-2.290474,3.877963,-5.721259,2.263963
2024/02/24 2:00:00,-6.152349,-2.184365,4.631289,3.595615,-1.857155,-0.747452,-2.163884,-2.477522,-0.257623,-1.451473,2.514043,-2.298124,-10.719478,-2.323788,-0.887368,4.706799,-49.405344,-3.277041,-0.447879,14.49696,1.357455,0.645784,-1.202733,3.382657,13.466468,-1.565478,-3.437932,-0.893783,-3.578588,-4.474839,-2.19547,4.349236,-2.550071,-5.473005,7.583093,1.828777,-2.473327,0.138435,-6.621203,-4.626107,0.611607,-2.187326,-5.104584,-0.282299,-0.210491,5.339011,-2.235199,4.02967,-5.893294,1.682913
2024/02/24 3:00:00,-5.398728,-0.655902,-0.097225,4.047689,-2.601892,-1.915638,-2.217925,-3.126021,-0.511421,-2.574254,2.525395,-2.185105,-15.308816,-2.417312,-1.631611,4.787985,-50.251256,-3.890993,-0.124616,14.755816,0.929564,0.048366,-1.356221,4.059534,18.946628,-2.26333,-4.013142,-1.518716,-3.636085,-4.635237,-2.384985,4.324559,-3.17414,-6.377892,7.744231,2.182638,0.208517,-0.84295,-6.1637,-3.871252,0.52672,-2.022981,-5.826125,-0.280572,-0.933759,11.224608,-2.47999,3.884408,-6.238107,1.269931
2024/02/24 4:00:00,-5.63661,-1.220501,-0.698099,3.823133,-2.818552,-1.851973,-2.517745,-2.717378,-5.216369,-2.116011,3.53343,-2.721696,-18.440266,-2.955506,-1.311063,5.21168,-51.03128,-4.545168,0.23418,15.125964,0.938695,-0.756335,-1.818906,4.279648,14.452048,-2.533291,-4.239179,-1.62828,-4.112835,-5.109519,-2.50442,4.297416,-3.458167,-6.319162,7.775077,1.674795,0.1678,-1.603233,-5.374052,-4.892613,0.579775,-1.964744,-5.600582,-0.093524,-0.351394,10.53095,-2.455313,3.508361,-6.466907,1.019316
2024/02/24 5:00:00,-5.240799,-1.233086,-3.138606,2.292695,-2.080477,-1.632352,-2.801031,-2.664817,-0.84406,-1.248632,2.6394,-3.070005,-22.29671,-2.880983,-1.031478,5.262514,-52.711256,-5.125806,0.026157,15.250086,1.195577,-0.218511,-2.121934,4.447696,10.83003,-3.051005,-4.720618,-2.102933,-3.902838,-5.136664,-2.826448,4.448189,-3.698269,-6.566914,7.13176,1.507735,-0.613458,-1.234319,-5.192186,-4.757139,0.41654,-1.947964,-5.779733,-0.126591,-0.88638,11.426214,-3.196349,3.368057,-6.735618,1.732491
2024/02/24 6:00:00,-5.471277,-0.766453,-8.476384,2.885425,-3.146749,-2.576969,-2.713923,-2.271473,-0.983606,-1.374729,3.607707,-3.573283,-27.785016,-3.672853,-1.238761,5.352583,-54.389508,-5.926312,0.458983,16.387426,1.491695,-1.798178,-1.916872,5.266215,-6.637983,-3.065564,-5.355544,-2.616451,-4.240906,-5.291632,-3.128735,4.460034,-4.014129,-7.362485,6.988636,1.787073,-0.570521,-1.340799,-5.859439,-4.728761,0.240596,-2.741561,-5.450055,-0.273909,-0.949799,11.568598,-2.28011,3.194039,-6.928971,1.30414
2024/02/24 7:00:00,-5.841918,-0.833573,-12.677806,3.753298,-3.936398,-2.674441,-2.362776,-1.52032,-1.499592,-1.447031,4.75245,-4.358736,-32.62186,-3.79895,-1.340182,5.363688,-52.397372,-6.184675,0.838261,16.751652,1.391015,-2.566605,-1.718966,5.149742,-15.637014,-3.705919,-5.317296,-2.973767,-4.498282,-5.275839,-3.802651,4.875093,-4.360094,-7.664526,6.883267,1.410756,-0.670461,-1.61915,-6.047227,-4.907913,-0.031956,-2.732677,-5.867089,-0.201607,-1.212851,8.771762,-2.476782,3.03316,-7.013996,1.058978
2024/02/24 8:00:00,-6.958778,-0.845911,-24.614084,2.507874,-4.089392,-3.076421,-2.658401,-1.807308,-1.656534,-1.642469,4.224373,-4.406362,-40.232836,-3.874213,-1.625442,4.977253,-46.979888,-6.105217,0.100187,15.27723,1.674055,-2.560682,-1.807802,4.891132,-9.359308,-4.138992,-6.09732,-2.88197,-4.882002,-5.39478,-3.670879,4.778114,-4.475086,-8.715006,6.866734,0.873549,-0.680085,-1.434323,-5.592192,-5.147275,0.041333,-2.980923,-5.414027,-0.316106,-1.775229,10.377956,-2.04519,3.030929,-7.493164,0.821997
2024/02/24 9:00:00,-6.693258,-1.636793,-11.123434,2.24655,-3.752311,-3.04903,-2.810408,-2.544396,-1.987817,-2.934531,4.889158,-4.581812,-38.704372,-3.775507,-2.760315,1.383365,-39.025168,-5.58627,-0.016533,14.27956,1.458382,-2.735392,-1.644937,4.356886,-3413.086,-4.480022,-5.719029,-3.222259,-4.967383,-5.634142,-3.533924,4.600937,-4.557012,-8.642704,6.644152,-0.308456,-1.450979,-1.628773,-4.483229,-4.971331,-0.216043,-2.7233,-5.417976,-0.621601,-2.07036,9.726742,-3.544288,3.386896,-7.261884,0.011899
2024/02/24 10:00:00,-6.575798,-1.668379,-14.986788,1.763137,-4.430669,-2.695663,-2.847423,-0.920187,-1.941548,-2.343282,3.612642,-4.015116,-29.237722,-3.960334,-2.023968,1.370534,-34.060004,-5.309152,0.165086,13.549874,0.791623,-2.845572,-1.516372,4.418083,-13.35197,-4.09186,-5.487317,-2.66457,-4.872378,-6.159259,-3.379449,4.181436,-4.621911,-7.770881,6.114347,-1.717979,-1.983252,-2.216075,-4.092106,-4.866949,-0.639615,-3.191167,-4.955538,-0.792856,-2.433845,9.229264,-3.029783,3.637759,-5.846195,-0.083786
2024/02/24 11:00:00,-5.549255,-1.840868,-9.683806,1.661963,-4.094081,-2.626322,-2.724781,-2.667778,-1.697251,-1.51884,2.435326,-3.831029,-23.0871,-3.911228,-2.595229,0.560404,-27.60932,-5.447094,0.896991,11.79044,-0.4005,-2.096147,-0.685267,4.422032,-4.237451,-3.790066,-5.197861,-2.619536,-4.879534,-6.024031,-3.396476,3.25656,-4.220424,-7.50709,6.435882,-1.949445,-2.169313,-2.279616,-3.161802,-4.313455,-0.352011,-3.249404,-5.122351,-0.585821,-2.63175,8.679472,-2.399791,2.403276,-5.999638,-0.541388
2024/02/24 12:00:00,-4.891873,-1.864311,-9.974494,0.414812,-4.371198,-2.270486,-3.757,-3.087772,-1.651599,-2.050865,2.376842,-3.633124,-18.354886,-3.672853,-3.109735,0.14115,-22.738668,-4.857325,0.447632,10.582524,-0.390876,-2.734528,-0.757816,4.097782,-6.387763,-3.625474,-5.179847,-2.411142,-4.76084,-6.124218,-3.33133,2.532304,-4.285324,-7.112759,6.304356,-2.93083,-2.291708,-2.587703,-2.30528,-5.092493,-0.513888,-3.415723,-4.515803,-1.335,-2.670493,8.77645,-2.321813,2.173979,-5.66251,0.574109
2024/02/24 13:00:00,-5.521617,-2.415831,-19.921596,1.563257,-3.510234,-2.423481,-3.615603,-3.429295,-1.425686,-3.989452,1.255048,-3.257547,-13.895594,-2.846436,-3.020652,-0.034054,-19.48211,-4.582676,0.422462,9.138948,-0.299079,-2.063203,-0.802234,4.185137,-10.350812,-3.570198,-5.099402,-2.267649,-4.495568,-6.217495,-3.379449,1.952406,-3.934177,-6.41466,6.574564,-2.833111,-2.259135,-2.386713,-3.485558,-4.053118,-0.422955,-3.056927,-3.934917,-0.872808,-1.575102,7.585808,-2.61349,2.624392,-5.00982,0.631867
2024/02/24 14:00:00,-4.998969,-1.523528,-5.864621,1.524515,-3.445829,-1.783865,-2.17178,-2.379557,-1.257022,-3.407086,0.496738,-1.964868,-10.4051,-2.698871,-3.141814,0.85899,-22.412692,-4.369224,-0.378291,9.33562,0.458983,-2.235322,-0.76127,4.35886,-3415.7004,-3.058161,-4.377861,-1.859129,-4.55948,-5.800462,-2.744769,1.460356,-3.698269,-5.430314,6.625891,-2.324775,-2.454326,-2.595353,-3.695308,-4.17724,-0.547202,-3.412269,-5.225992,-1.121794,-1.422601,8.1509,-3.279509,2.996968,-5.145663,0.445207
2024/02/24 15:00:00,-5.469303,0.560157,-6.806277,0.079705,-3.282223,-1.707615,-2.803993,-3.461622,-0.751277,-2.264564,0.328198,-2.511946,-9.62779,-2.903932,-2.973273,1.467512,-29.970368,-4.303831,-1.371768,10.805352,-0.532272,-1.301686,-0.821728,4.623639,-8.98472,-2.978455,-4.16737,-1.556965,-4.573546,-6.127672,-2.929103,1.086507,-3.722453,-4.463488,7.201101,-1.048752,-1.869986,-2.00546,-4.219931,-5.179354,0.015176,-3.143788,-4.725553,-1.446784,-1.380404,9.424208,-2.063944,2.689091,-4.521481,0.613523
2024/02/24 16:00:00,-5.175652,-1.114885,-5.931988,1.23506,-3.122566,-1.628403,-2.698871,-3.545028,-0.799272,-2.301085,0.317093,-1.941548,-10.268392,-2.760562,-2.767718,3.083578,-36.930132,-4.166876,-2.043709,12.270398,0.395071,-1.29453,-1.247645,4.663862,-6.449948,-2.883944,-4.153304,-1.408042,-4.774659,-6.364074,-2.59671,1.202733,-3.434477,-4.608093,6.74804,-1.484539,-1.192616,15777.236,-4.064963,-5.079414,-0.105245,-3.293328,-5.495954,-1.092923,-1.326116,8.495138,-2.428663,2.23967,-4.783746,-0.27937
2024/02/24 17:00:00,-4.145655,-1.508229,-4.783296,2.03754,-3.599563,-0.954734,-3.241014,-3.067538,-0.460834,-2.274681,1.057635,-2.364257,-11.569092,-2.506641,-1.625442,3.403879,-40.394468,-4.143681,-3.225467,11.922212,1.017166,-1.068246,-1.202733,4.819077,-3.402892,-3.101344,-4.342326,-1.347585,-4.78453,-6.31324,-2.441988,1.556595,-3.69062,-4.57774,7.217634,-1.639508,-1.542282,-1.964991,-3.077902,-4.353184,-0.097966,-3.179322,-5.68695,-1.029998,-1.289841,8.467746,-2.919725,2.520279,-5.048491,0.337624
2024/02/24 18:00:00,-5.516188,-1.359183,-4.730242,1.623221,-3.31677,-0.685514,-3.746142,-3.517884,-0.712411,-1.732291,-0.087848,-2.050372,-11.7744,-2.590788,-2.250005,3.97514,-42.57982,-4.001544,-5.038451,11.481736,0.56065,-0.760777,-1.55388,4.976513,-6.142478,-2.727989,-4.576507,-1.123645,-4.637951,-6.429219,-2.789927,2.059008,-3.507273,-4.773178,7.029599,-0.898225,-1.442342,-1.809529,-4.011168,-4.742826,-0.103024,-3.277535,-5.424392,-0.982125,-0.647018,8.0327,-1.835933,2.579029,-4.692028,-0.27937
2024/02/24 19:00:00,-4.633263,-2.365738,-2.73021,1.305388,-3.068771,-1.075156,-4.070391,-4.917536,-0.975093,-2.840514,-1.690835,-1.516742,-10.050498,-2.09701,-1.690095,3.085798,-44.293356,-3.41523,-7.30721,11.20215,-0.591249,-1.059486,-1.784606,5.29336,-5.672638,-2.477769,-4.331716,-1.506254,-4.75936,-6.492391,-2.758341,1.721927,-3.514429,-4.745787,7.715606,-1.480591,-1.491695,-1.88837,-3.223987,-4.61821,0.161508,-3.065317,-6.992337,-1.002607,-1.841115,7.874523,-1.763877,3.234693,-4.880918,0.202029
2024/02/24 20:00:00,-5.184536,-1.713044,-2.288007,1.293296,-2.868892,-0.97793,-6.133842,-4.819817,-1.003964,-2.932804,-2.602139,-1.655918,-10.385112,-2.161663,-2.638413,4.887184,-45.488932,-3.735531,-7.360511,11.174514,-0.514752,-0.654298,-1.953393,5.583062,-5.214641,-2.603619,-4.187605,-1.614461,-5.012047,-6.874384,-2.241368,1.87813,-3.586732,-4.726787,7.700307,-2.553526,-1.551413,-1.404341,-2.468392,-4.621171,0.137201,-3.223246,-6.014654,-1.045544,-1.600766,7.949786,-2.981417,2.803863,-5.578724,-0.428351
2024/02/24 21:00:00,-4.124433,-3.061862,-2.302566,0.720554,-2.901218,-0.683293,-3.656566,-4.723579,-0.916486,-1.757461,-2.100465,-1.750305,-11.695682,-2.479003,-1.962277,4.325547,-46.380004,-3.804625,-7.563352,12.019932,-0.069835,-0.982125,-2.239641,5.617609,-8.089456,-2.653713,-4.056819,-1.767579,-4.767256,-6.934594,-2.729223,2.153273,-3.462609,-4.838571,7.271676,-2.697637,-1.16868,-2.074431,-2.604606,-4.664109,0.057743,-3.38315,-6.511145,-0.89403,-0.87651,7.412825,-1.683432,2.258014,-4.856625,1.07757
2024/02/24 22:00:00,-6.083748,-1.840868,-3.611408,1.058129,-3.011769,-0.693904,-4.644614,-4.911367,-0.90933,-2.290721,-1.708355,-1.499839,-12.8081,-2.716391,-1.557828,3.582043,-46.819,-4.079275,-6.54668,12.319258,-0.718333,-1.354124,-3.199063,5.880414,-15.074884,-2.6737,-4.056819,-1.928223,-5.068063,-6.527432,-2.401518,2.567098,-3.570198,-5.080895,7.190984,-3.033731,-1.174849,-2.03026,-2.369933,-4.939252,0.280325,-3.617084,-6.238223,-1.140055,-1.433706,7.927577,-2.59671,3.06018,-5.530881,-0.632363
2024/02/24 23:00:00,-4.704331,-2.255434,32.97646,1.601259,-3.451998,-0.863925,-3.881122,-5.877699,-1.063188,-2.748964,-1.834699,-1.682815,-15.948926,-2.352659,-2.422,4.542453,-49.66124,-4.711734,-7.427138,12.975652,0.335354,-1.103781,-2.63792,5.939884,-7.86638,-3.161308,-4.074833,-2.257901,-5.048815,-6.598007,-2.549578,2.534278,-3.703945,-5.470043,7.845898,-3.575134,-1.544503,-1.630994,-1.90404,-4.797115,0.12548,-3.479389,-6.162713,-0.971761,-0.553247,7.89994,-1.632105,2.235952,-6.030872,-0.23475
2024/02/25 0:00:00,-5.947534,-1.860609,-7.884887,0.396305,-3.118865,-1.368313,-4.275453,-6.176039,-1.390892,-2.904673,-1.637287,-2.507257,-17.220012,-2.63866,-2.523667,4.318144,-51.621296,-5.011801,-6.376165,13.2276,-0.240596,-1.338824,-3.292834,6.09658,-35.299756,-3.029783,-4.757386,-2.365368,-5.083115,-7.150267,-2.682337,2.815591,-3.644721,-4.981695,7.244778,-3.261495,-1.787567,-1.50243,-1.83692,-4.689278,-0.068601,-3.607707,-6.611826,-0.715372,-2.049385,7.050328,-1.655794,2.679423,-5.01106,-0.792994
2024/02/25 1:00:00,-5.726432,-2.274188,-7.606783,0.536467,-3.288392,-0.92685,-4.298896,-6.669075,-1.529944,-2.237913,-0.671201,-2.879009,-21.035988,-2.783511,-2.66457,4.549856,-52.612056,-5.546047,-5.90361,14.261792,-0.106109,-1.930444,-3.409307,6.865254,-3420.3772,-3.216831,-4.795388,-2.736872,-5.048815,-7.259831,-3.275314,2.797083,-4.333936,-5.660299,7.041444,-4.193774,-1.914157,-2.189547,-2.293929,-5.008592,0.132636,-4.080015,-6.456363,-1.02827,-1.961043,7.68254,-1.83766,2.718094,-4.805312,-1.202506
2024/02/25 2:00:00,-4.788725,-2.479003,-11.599442,1.356221,-3.727881,-1.49515,-4.10025,-6.518548,-1.733032,-2.967351,-0.5187,-2.902205,-24.174594,-3.254092,-2.476288,5.371831,-53.638108,-5.982821,-5.153444,15.013192,0.729438,-1.995466,-3.613629,7.394811,-38.633056,-3.699997,-5.539878,-3.009178,-5.354557,-7.439969,-3.17266,2.877775,-4.653744,-6.124958,7.270195,-4.348249,22.282646,-1.427166,-1.106248,-4.933082,0.007526,-3.890006,-6.642918,-0.974229,-1.854687,7.806416,-1.63556,2.580268,-6.616384,-1.263734
2024/02/25 3:00:00,-5.156405,-2.129337,-14.067094,0.953254,-3.768104,-1.733772,-4.343807,-6.465741,-1.716252,-2.537733,-0.55004,-3.497526,-27.768236,-3.796482,-1.754994,5.137651,-54.846268,-6.630827,-4.813401,15.158784,0.570028,-2.425578,-3.831029,7.234167,-3421.5792,-4.464228,-5.847101,-3.241754,-5.441172,-7.288949,-3.355266,2.799057,-5.015995,-6.230573,6.467962,-4.086431,-1.83692,-2.385355,-1.11143,-5.578373,-0.306359,-4.004505,-6.77321,-0.870341,-1.936119,7.487842,-1.842102,1.220354,-6.21654,-1.155903
2024/02/25 4:00:00,-5.236357,-3.105539,-17.91367,1.183732,-3.994881,-2.320826,-4.723332,-6.884501,-1.934515,-2.036553,0.19223,-3.182037,-35.294328,-3.703452,-2.1207,4.633756,-55.252936,-7.324977,-4.392173,15.56101,0.762011,-1.943276,-3.649163,8.138068,-44.596384,-4.487178,-5.411066,-3.542437,-5.446601,-7.762738,-3.412762,2.856307,-4.82574,-6.762599,6.977285,-3.864096,-3.312082,-2.273818,-1.139315,-5.573684,-0.267123,-4.858806,-6.128166,-1.134873,-2.378569,7.014053,-1.530438,2.486071,-7.148599,-0.446942
2024/02/25 5:00:00,-5.170717,-3.628682,-22.566674,0.494517,-4.624872,-2.339827,-5.304217,-6.756183,-2.261233,-2.214224,0.417527,-3.4499,-36.952096,-3.69062,-2.434091,4.704084,-55.28872,-7.610484,-4.60217,16.289216,1.010503,-3.400794,-3.742194,8.299946,-37.349384,-4.571818,-5.959872,-3.871498,-5.644506,-8.081065,-3.594134,2.809915,-5.244006,-6.875124,6.794432,-4.445474,-1.974862,-2.521446,-0.797051,-5.591945,-0.512038,-4.11012,-7.467114,-0.970774,-2.359815,7.539169,-1.797191,1.865606,-7.236848,-1.64102
2024/02/25 6:00:00,-6.69079,-3.546509,-7.033794,0.454048,-4.784283,-2.439274,-4.558739,-6.450195,-2.347107,-2.953039,0.157683,-4.271135,-41.423972,-4.100003,-2.841501,4.323079,-55.502172,-8.255775,-3.689879,16.515992,0.036028,-3.591914,-3.453972,8.623702,-41.133776,-4.810193,-5.383675,-3.807093,-5.658818,-7.819988,-4.237698,3.090487,-5.411313,-7.517207,6.232301,-5.197614,15820.342,-2.543162,-0.970034,-5.409833,-0.435294,-4.498035,-7.55891,-1.269607,-2.709975,6.363333,-2.158702,1.39338,-7.226188,-1.606563
2024/02/25 7:00:00,-6.458338,-2.496523,-5.326673,-0.3166,-5.850802,-2.759328,-5.40243,-5.442159,-2.363763,-2.731197,1.018893,-4.683356,-45.46722,-4.647082,-2.160182,5.000449,-55.546836,-8.781632,-3.998829,16.67787,0.606796,-4.789959,-4.052624,8.767566,-3424.452,-5.338764,-6.951128,-3.898396,-5.894233,-7.676864,-4.219437,3.006587,-5.843646,-7.452554,6.453402,-4.863248,-6.383321,-2.507257,-0.780271,-6.077826,-0.777063,-4.520244,-6.891658,-1.095144,-2.325515,5.631921,-1.533892,1.642011,-7.571993,-2.118205
2024/02/25 8:00:00,-6.394179,-3.692347,-15.771256,-0.348926,-5.510513,-2.818798,-4.748996,-5.585036,-2.69776,-3.207454,1.168927,-4.808589,-49.026064,-4.761334,-2.899244,4.925186,-55.965348,-8.660224,-4.233997,17.127476,0.991996,-4.530855,-3.69901,8.383847,-62.35558,-5.748394,-6.963713,-4.346892,-6.049448,-7.798272,-4.659667,2.914297,-6.211079,-7.898953,5.614648,-5.260786,-2.584618,-2.955506,-1.14277,-7.273403,-0.770524,-4.853871,-7.360511,-1.125496,-2.852852,6.266848,-2.153766,1.385695,-6.865511,-2.123162
2024/02/25 9:00:00,-5.719029,-3.088019,-19.420418,-0.454295,-5.324205,-3.372786,-4.85239,-5.26967,-2.825585,-2.957974,1.422848,-5.289781,-47.0058,-5.129261,-2.767718,2.420519,-52.084228,-9.0205,-3.477168,16.032086,0.69341,-3.6235,-3.741453,9.385714,-160.86276,-5.398728,-6.860565,-4.238192,-6.310772,-7.915733,-4.30013,2.771419,-5.968015,-8.211604,5.625999,-4.935797,-2.773147,-3.162419,-0.680332,-6.508678,-0.994957,-5.196874,-7.369888,-1.366339,-3.055446,6.349761,-2.143402,1.573594,-7.095799,-1.897832
2024/02/25 10:00:00,-5.615388,-3.046069,-18.893328,-0.474283,-5.625259,-3.396969,-4.977747,-5.399222,-2.762536,-2.913803,0.524376,-5.073492,-47.949184,-4.897054,-2.067892,2.598931,-47.097596,-8.73524,-3.484571,15.240956,-0.170761,-5.247215,-3.590927,8.507476,-3427.5584,-5.608232,-6.826265,-4.154538,-6.448714,-8.194083,-4.790699,2.343282,-6.088683,-7.779518,5.448081,-5.847594,-3.258534,-3.524177,0.132019,-6.091151,-1.122411,-5.725445,-7.082654,-1.312544,-3.068771,5.11248,-2.178443,1.032702,-6.98772,-2.280819
2024/02/25 11:00:00,-5.787136,-2.677895,-18.235944,-0.999152,-5.547281,-3.143048,-5.776032,-5.944573,-2.853346,-2.194729,0.660344,-4.806862,-45.107188,-5.11865,-2.158948,2.146117,-46.26674,-8.876884,-3.746635,15.531646,0.263545,-4.808589,-3.431763,8.748566,-3428.0912,-5.656844,-6.716454,-4.160707,-6.511145,-8.47885,-4.311974,1.830257,-6.205897,-7.691423,5.826619,-7.333861,-3.272846,-2.981047,0.235414,-6.151609,-1.153504,-5.56258,-8.288348,-1.235306,-2.899984,4.882002,-2.038774,1.595656,-7.256927,-2.206949
2024/02/25 12:00:00,-4.956032,-3.363162,-21.210946,-1.20989,-5.886336,-2.530083,-5.678807,-6.663646,-3.006587,-2.891594,-0.016533,-4.255712,-42.979828,-5.22698,-2.325021,1.959069,-42.355264,-8.273049,-3.369578,14.788388,-0.170761,-4.757879,-3.110475,8.585948,-3428.3792,-6.02946,-5.92878,-4.199943,-6.525458,-8.48428,-4.599209,1.603727,-5.899661,-7.400981,5.864621,-7.768661,-3.654345,-3.857433,1.47763,-6.147167,-1.037771,-4.980708,-6.975558,-1.559803,-2.780797,3913.9684,-1.717732,1.207711,-7.200904,-2.763705
2024/02/25 13:00:00,-5.968755,-2.803993,-13.759872,-1.106742,-5.286203,-3.142308,-5.096194,-6.620463,-2.902452,-2.653959,-0.14115,-4.403278,-34.21374,-4.752204,-3.052732,0.572248,-38.589136,-8.074403,-3.483831,13.43587,-0.677864,-4.358243,-3.453972,8.275517,-102.17658,-5.6297,-6.948907,-3.83214,-6.412686,-8.425056,-4.152071,0.862691,-5.732108,-6.743845,6.241184,-7.222076,-3.672359,-3.387839,0.37607,-6.281407,-1.11032,-5.651416,-7.043665,-1.569426,-3.302705,5.256592,-1.472448,1.780581,-6.841218,-3.102073
2024/02/25 14:00:00,-5.022165,-2.392388,-19.986004,-0.809143,-5.213654,-2.930583,-5.06905,-5.962587,-2.666668,-2.769692,0.187788,-4.325176,-33.066776,-4.647082,-2.832864,-0.480452,-37.505836,-8.151887,-3.575874,13.411192,0.082913,-3.979952,-3.12306,8.518826,-3427.9212,-5.669677,-6.178506,-3.995621,-6.40405,-8.632832,-4.115303,0.683539,-5.331115,-6.62293,5.750615,-7.808883,-4.843754,-3.633987,1.583492,-6.158518,-1.358566,-5.900648,-6.847733,-1.416679,-3.154399,4.682122,-1.722174,1.026505,-6.041779,-1.715634
2024/02/25 15:00:00,-5.388858,-3.005846,-10.787092,-1.590648,-4.798842,-2.596957,-5.493239,-5.85327,-2.4125,-2.673207,-0.594704,-4.221411,-29.254996,-4.422525,-2.7233,1.048258,-37.257592,-7.390123,-3.617824,13.146414,-0.239115,-3.959347,-3.255079,7.957683,-3427.664,-5.365415,-6.291525,-3.521092,-6.249081,-8.393964,-3.985504,0.4005,-5.31088,-5.906077,6.114347,-7.158904,-3.533924,-3.701354,0.927343,-6.446986,-1.203721,-4.970344,-7.214426,-1.633585,-3.457673,3.212389,-1.642469,1.243407,-5.408673,-2.393856
2024/02/25 16:00:00,-6.794432,-2.999924,-8.666146,-0.369161,-5.003904,-2.270486,-5.658078,-6.558031,-2.294176,-2.959701,-1.390275,-3.79204,-25.95081,-3.957373,-2.932804,0.770154,-38.353964,-7.488089,-5.12852,13.51903,-0.533506,-3.805612,-3.229662,8.262191,-45.892892,-4.904211,-5.866348,-3.399684,-6.257718,-8.501554,-3.801417,0.03282,-5.424639,-5.74568,5.963574,-7.623316,-3.056433,-3.45829,1.647898,-6.639957,-1.123892,-5.651416,-6.957791,-1.777203,-2.667778,66.656204,-1.87048,0.791259,-5.301832,-2.989532
2024/02/25 17:00:00,-5.513721,-2.600905,-8.318453,-1.784359,-4.620184,-2.116752,-5.549255,-7.461191,-2.213113,-3.057914,-1.277503,-3.619305,-24.426294,-3.627448,-2.792888,1.655794,-41.768456,-7.264519,-5.109519,13.494352,-0.029118,-3.344655,-3.622512,8.64591,-116.62418,-5.035983,-5.873011,-3.253722,-6.018602,-8.715252,-3.876681,-0.074276,-5.042153,-5.073245,6.422557,-6.762352,-1.536853,-3.478649,-0.211478,-8.022828,-1.130678,-4.978734,-7.801727,-1.814217,-2.694182,1.775969,-1.680471,0.133116,-5.195489,-2.056728
2024/02/25 18:00:00,-4.791686,-1.896884,-6.89832,-0.915252,-4.922471,-1.543023,-5.515201,-7.303015,-2.267402,-3.445582,-2.550565,-3.020282,-24.3535,-3.727635,-3.835718,2.120947,-46.392092,-7.130773,-6.883021,13.70361,-0.333626,-3.548977,-3.496416,8.631352,-55.512784,-4.861521,-6.181467,-3.1639,-6.138777,-8.754734,-3.660268,0.097225,-5.372324,-4.92716,6.336189,-6.191585,-1.499345,-4.016966,0.449853,-7.202582,-0.791993,-5.672638,-7.738062,-1.628403,-2.449885,813.22792,-1.188915,1.101863,-5.398261,-2.323704
2024/02/25 19:00:00,-6.417868,-3.075681,-6.541004,-1.400639,-4.09186,-1.24493,-6.075112,-7.619121,-2.05506,-3.448543,-4.444241,-2.508244,-21.81182,-3.501104,-2.984871,2.423481,-45.982712,-6.711025,-9.9054,12.756032,-0.869847,-2.810408,-3.960581,9.073308,-3429.0208,-4.505932,-5.559372,-3.242371,-6.122244,-8.879598,-3.829795,0.103888,-4.863248,-4.872625,6.625891,-7.284014,-0.525363,-4.105679,0.649733,-7.59173,-1.189532,-5.456965,-7.24009,-1.757461,-2.413363,1.974368,-0.918953,0.641039,-5.376447,-2.984078
2024/02/25 20:00:00,-5.293113,-3.033978,-9.432104,-1.412731,-4.261881,-1.170407,-6.105217,-8.316726,-1.958945,-3.370072,-4.839065,-2.082945,-22.365312,-3.603018,-3.143295,3.577355,-48.961416,-6.426258,-11.14194,13.181454,-0.96041,-1.96166,-4.140226,8.795944,-3430.6232,-4.661641,-5.61218,-3.197213,-6.092632,-9.113038,-3.502338,0.335354,-5.008099,-4.882742,6.89758,-6.744585,17164.278,-3.474824,0.797792,-7.845651,-1.030491,-5.41304,-7.66798,-1.564244,-2.80498,1.137587,-0.807416,0.911733,-5.702916,-3.084968
2024/02/25 21:00:00,-5.746667,-2.424961,-4.882249,-1.903546,-4.555285,-1.118586,-6.331254,-8.35152,-2.134519,-3.221272,-4.529128,-2.305897,-23.123868,-3.416217,-3.273093,3.34046,-51.832772,-6.443038,-10.380918,13.752962,-1.300699,-3.299744,-4.280635,9.267758,-53.235136,-4.641899,-5.77924,-3.016827,-6.300902,-8.805568,-3.873719,0.474529,-5.01032,-5.014021,6.008979,-7.057483,-0.293157,-3.196226,1.412731,-7.922642,-0.891809,-5.456965,-7.60777,-1.650612,-2.266538,1.557335,-1.432225,0.783575,-6.197701,-4.516275
2024/02/25 22:00:00,-5.530994,-3.113189,-7.15767,-1.781644,-4.497048,-1.660236,-6.699427,-8.866272,-2.385109,-2.63866,-3.730102,-2.233348,-25.410888,-3.9591,-2.546863,3.593888,-53.50066,-7.095732,-9.338088,14.83108,-1.248138,-3.582537,-4.955538,9.453326,-3430.6464,-4.61747,-5.624518,-3.273833,-6.356671,-9.083426,-3.795248,0.800506,-5.146041,-5.343453,6.575551,-7.364953,-0.315613,-3.83288,0.782739,-7.552001,-0.93561,-5.669183,-7.957189,-1.732538,-2.252226,696.99632,-0.470581,0.597411,-5.504357,-4.766146
2024/02/25 23:00:00,-5.333089,-3.950463,-6.988389,-1.65234,-4.939005,-1.517112,-6.976298,-9.392622,-2.469873,-3.018432,-3.197583,-2.864327,-29.292752,-4.088899,-2.789187,4.774659,-55.85924,-7.597899,-8.957328,15.292284,-0.485387,-3.377598,-5.035243,9.950806,-3432.6256,-5.038451,-6.151362,-4.05793,-6.285849,-9.140182,-3.931462,1.047271,-5.431795,-5.183796,6.460312,-7.198633,-0.672435,-3.427198,0.809143,-8.341156,-0.891316,-5.771343,-7.924616,-1.413964,-3.021639,-0.680332,-0.840729,1.312816,-5.565338,-4.458517
2024/02/26 0:00:00,-5.096688,-3.223246,-6.033408,-1.004334,-4.871391,-1.680224,-6.583941,-9.190522,-2.489737,-3.352305,-2.375115,-3.34922,-38.594316,-4.155525,-2.874321,3.588459,-56.675292,-8.120301,-8.116352,16.17373,-0.869847,-4.048553,-5.184289,10.04433,-3432.3332,-5.135677,-6.481534,-4.236341,-6.407998,-9.347464,-3.98427,1.23506,-5.767395,-6.199728,6.092385,-7.394071,-0.044418,-4.105062,1.133392,-8.401614,-1.072688,-5.885349,-7.972982,-1.175836,-2.785238,2.026682,0.15941,1.016342,-6.561105,-5.429247
2024/02/26 1:00:00,-5.613414,-3.354032,-7.02417,-2.126375,-5.350856,-1.672081,-6.709298,-8.917846,-2.708865,-3.046809,-2.056788,-3.702464,-42.371796,-4.624132,-2.156481,4.087665,-57.847428,-8.67725,-7.842444,16.401,-0.026651,-3.8657,-5.664001,10.324408,-58.496172,-5.523098,-6.347294,-4.472125,-6.349761,-9.388922,-4.282856,1.295024,-6.178013,-6.431687,6.522003,-7.645525,-0.496985,-3.888525,2.027916,-8.306115,-1.128581,-5.952963,-8.523762,-1.201006,-2.850878,-0.440969,0.317587,1.151936,-6.180596,-4.815476
2024/02/26 2:00:00,-5.832048,-4.538258,-7.888589,-1.117106,-5.168249,-1.641729,-7.146566,-8.327091,-2.743782,-2.536499,-1.936119,-4.087048,-45.76926,-4.809947,-2.958221,4.645848,-58.41622,-9.565112,-7.389383,17.059614,0.044664,-4.43363,-5.469056,11.156006,-3434.7872,-5.54432,-6.858591,-4.773672,-6.690297,-9.347464,-4.441773,1.299219,-6.300161,-6.550628,6.258211,-7.50709,-0.684033,-3.98316,1.756968,-8.797424,-1.16868,-5.244747,-8.587428,-1.132405,-3.583524,1.664431,-1.339194,1.061953,-6.959957,-5.129798
2024/02/26 3:00:00,-5.951482,-4.231282,-20.73,-1.605207,-5.107792,-2.357594,-7.524116,-8.818892,-2.670369,-2.969819,-2.028163,-4.503341,-49.17758,-4.971578,-2.895543,5.414274,-60.60182,-9.881218,-7.159644,17.754506,-0.604821,-5.11939,-5.551229,11.468904,-70.212088,-5.831061,-7.115474,-4.862261,-6.711272,-10.035446,-4.576013,1.371027,-6.157531,-6.726078,6.118048,-7.128058,-0.459723,-5.73766,1.906754,-8.780644,-1.199032,-6.247107,-8.756214,-1.324635,-3.319732,1.942782,-1.077623,-0.069409,-7.404916,-5.473867
2024/02/26 4:00:00,-7.535714,-4.336404,-10.218792,-1.49515,-5.077687,-2.889867,-7.498699,-9.392622,-3.175621,-2.928362,-1.565972,-4.571448,-52.172072,-5.41304,-2.893815,4.637458,-61.349268,-10.392762,-6.440324,17.96919,-0.420241,-5.690775,-5.860179,12.088038,-69.5478,-6.169376,-7.466127,-5.178984,-6.663399,-9.708236,-4.935797,1.610389,-6.937309,-7.100174,5.919896,-8.196305,-1.216552,-3.979952,1.943029,-8.956096,-1.330805,-6.759885,-8.887494,-0.887614,-3.600304,1.619273,-0.494271,0.0352,-8.011251,-5.524684
2024/02/26 5:00:00,-4.709266,-3.09098,-22.77889,-1.84605,-6.435142,-3.020899,-6.975558,-9.273188,-3.253599,-2.528603,-1.072935,-4.766639,-55.408152,-5.527293,-2.76451,5.401196,-62.619864,-10.852978,-5.982821,18.72059,-0.553988,-4.65214,-5.660793,12.188966,-3436.8344,-6.423544,-8.034674,-5.496694,-6.811212,-9.351906,-5.015749,1.670353,-6.740637,-7.770881,5.683248,-7.895005,-1.009023,-4.353925,2.114284,-8.767566,-1.548698,-6.751495,-8.583974,-1.374482,-4.1422,2.356854,-1.097365,0.590965,-8.236581,-5.553935
2024/02/26 6:00:00,-6.450935,-3.65015,-22.6829,-1.775722,-6.139517,-3.737012,-7.24848,-8.584466,-3.693087,-2.691961,0.078225,-5.36196,-56.361652,-5.599348,-3.387099,5.383675,-63.732776,-11.23201,-6.607137,19.280008,-0.285261,-5.21822,-5.88683,12.399702,-77.847992,-7.287962,-8.438628,-5.74605,-7.014053,-9.708236,-5.447588,1.791515,-7.180126,-7.75879,5.406625,-7.964346,-0.932772,-4.56022,1.177563,-9.068126,-1.718719,-6.401582,-8.71772,-1.261217,-4.405252,2.522433,-0.075757,0.975192,-8.97157,-5.713327
2024/02/26 7:00:00,-7.905369,-4.302597,-21.8323,-0.703034,-6.292265,-3.801664,-7.580132,-8.25849,-3.977731,-3.356993,0.366446,-6.14692,-60.99862,-6.087943,-2.694922,5.387624,-63.20988,-11.624614,-5.660546,19.251136,45936.608,-6.640327,-5.769616,12.469538,-80.494304,-7.24922,-8.982992,-6.016382,-6.935828,-9.700832,-5.844386,1.987693,-7.527077,-8.411238,5.415262,-7.617147,-1.2701,-4.867566,2.344516,-9.647778,-1.898611,-6.535822,-9.196938,-0.81778,-4.775893,2.600658,-1.225929,1.253323,-8.284919,-6.015503
2024/02/26 8:00:00,-7.328925,-4.157993,-22.602454,-1.685653,-6.805043,-4.033623,-6.578512,-6.786289,-3.784267,-2.772653,0.819754,-6.12175,-62.485628,-6.216014,-2.816084,3.018432,-55.733884,-11.391914,-5.88609,17.307368,44128.416,-6.194669,-5.690898,12.225486,-83.538392,-7.422202,-8.821856,-6.549887,-7.054769,-9.632726,-5.980107,2.072581,-7.570015,-8.960536,4.861767,-8.497358,-1.151406,-4.832649,2.097997,-9.647778,-2.107375,-6.979506,-9.458508,-1.033452,-4.894093,0.883172,-1.024075,1.181187,-8.867704,-6.397746
2024/02/26 9:00:00,-6.113854,-4.891132,-25.512556,-2.167092,-7.631459,-3.999323,-7.325964,-7.397033,-3.765513,-2.901712,0.05799,-5.909162,-59.787988,-6.289797,-2.294176,0.808896,-44.210196,-10.615838,-6.673023,15.486734,39394.912,-6.807017,-5.403663,11.804504,-84.718424,-7.501908,-8.443316,-6.266971,-7.03182,-10.117866,-5.425132,1.499345,-7.617887,-8.810256,5.441172,-9.555982,-1.651599,-4.824999,3.51665,-8.974108,-1.849875,-7.576184,-8.068234,-1.322908,-4.673732,0.22579,-0.582366,0.598402,-8.008276,-6.204889
2024/02/26 10:00:00,-5.380961,-4.805258,-22.48376,-3.20696,-7.050328,-3.363656,-7.332874,-7.975697,-3.872979,-3.041874,-1.594843,-5.309646,-56.909716,-6.210339,-3.566743,-0.616913,-33.595348,-9.802746,-7.19123,13.559498,45520.332,-6.238963,-5.022411,11.172786,-81.785376,-7.24922,-7.403448,-5.819957,-7.033301,-10.061604,-5.141599,0.387668,-7.376551,-7.849353,5.221304,-10.851746,-2.272214,-4.875463,3.931216,-8.978304,-2.264317,-7.314119,-7.553975,-1.650612,-4.584403,-0.110057,-1.965238,0.407032,-7.271552,-7.04176
2024/02/26 11:00:00,-6.048708,-3.835224,-24.621486,-3.497156,-6.178506,-3.247923,-7.452061,-8.381872,-3.729238,-3.265443,-2.170793,-5.37035,-49.550688,-5.703977,-3.500364,0.275637,-29.18294,-9.308476,-7.136448,11.873106,43216.996,-5.840685,-5.176146,10.999804,-69.2956,-7.085861,-7.855028,-5.537904,-6.769756,-10.214598,-4.932836,-0.383473,-6.905476,-6.94866,4.585143,-10.750324,-2.497757,-4.558246,4.398095,-8.889714,-2.134642,-7.252428,-7.745465,-1.718966,-4.537024,-3.542807,-1.183979,-0.026772,-5.962207,-6.59804